<?xml version="1.0" encoding="UTF-8"?>
<metadata modelVersion="1.1.0">
  <groupId>org.springframework.boot</groupId>
  <artifactId>spring-boot-starter-parent</artifactId>
  <version>2.4.0-SNAPSHOT</version>
  <versioning>
    <snapshot>
      <timestamp>20200819.010827</timestamp>
      <buildNumber>363</buildNumber>
    </snapshot>
    <lastUpdated>20200819010838</lastUpdated>
    <snapshotVersions>
      <snapshotVersion>
        <extension>pom</extension>
        <value>2.4.0-20200819.010827-363</value>
        <updated>20200819010827</updated>
      </snapshotVersion>
    </snapshotVersions>
  </versioning>
</metadata>
